dataset,rows,columns,features,pathogenic,benign,missing_cells,missing_rate,categorical_features,numeric_features
MASTER,2931,353,351,2149,782,568464,0.5494300932785512,8,343
KANSER,388,353,351,268,120,78309,0.5717487807014981,8,343
PAH,372,353,351,310,62,71301,0.5429726765969113,7,344
CFTR,111,353,351,90,21,11864,0.3027843707730393,8,343
